type,name,notice,furigana
プラスチック容器の日,アイスクリームのカップ(プラスチック製),洗う⇒乾かす⇒指定ごみ袋（白色）へ入れる,あ
かみの日（その他の紙）,アイスクリームのカップ(紙製),洗う⇒乾かす⇒大きなものの間に挟み、白い紙ひもで十文字に縛るまたは紙袋へ,あ
燃やせるごみの日,アイスノン（商品名）,,あ
カンの日（その他のプラスチック類）,アイスノン（商品名）(プラスチックカバー部分),,あ
カンの日（その他の金属類）,アイロン(金属製),,あ
カンの日（その他のプラスチック類）,アイロン(プラスチック部分),,あ
燃やせるごみの日,アイロン台(金属部分),,あ
カンの日（その他の金属類）,アイロン台(50㎝未満、金属部分以外),,あ
粗大ごみ（※ステーションの収集はありません）,アイロン台(50㎝以上、金属部分以外),排出方法は３～５ページをご覧ください,あ
かみの日（雑紙）,厚紙,白い紙ひもで十文字に縛る,あ
燃やせるごみの日,油（食用油）(※家庭用に限る),紙などに染み込ませてから、指定ごみ袋（黄色）へ入れる,あ
ごみ処理施設,油（植物性油(パーム油は除く））,中身が見えるペットボトル等ふたのできる容器に入れて、ごみ処理施設へ直接お持込みください,あ
市では処理できません,油（エンジンオイル）,取扱店へ依頼してください,あ
プラスチック容器の日,油の容器(プラスチック製),洗剤で洗う⇒乾かす⇒指定ごみ袋（白色）へ入れる,あ
カンの日（その他の金属類）,油の容器(金属製),中身を使い切って出す,あ
ビンの日（リサイクルできないもの）,油の容器（ビン）(洗っていない),,あ
ビンの日（色別ビン）,油の容器（ビン）(洗ってある),,あ
燃やせるごみの日,油紙,指定ごみ袋（黄色）へ入れる,あ
カンの日（その他のプラスチック類）,雨合羽,指定ごみ袋（白色）へ入れる,あ
市では処理できません,雨どい（塩ビパイプ）,市へお問い合わせください,あ
ビンの日（リサイクルできないもの）,網入りガラス,収集容器に入る大きさに砕く,あ
カンの日（その他のプラスチック類）,網戸(網),指定ごみ袋（白色）へ入れる,あ
粗大ごみ（※ステーションの収集はありません）,網戸(わく),排出方法は３～５ページをご覧ください,あ
燃やせるごみの日,アルバム,,あ
カンの日（その他のプラスチック類）,アルバム(プラスチック部分),,あ
カンの日（その他の金属類）,アルバム(金属部分),,あ
プラスチック容器の日,アルミコーテイング袋（菓子・レトルト食品等）,洗う⇒乾かす⇒指定ごみ袋（白色）へ入れる,あ
カンの日（アルミ缶・スチール缶）,アルミホイル(アルミ箔),汚れは取り除く,あ
かみの日（その他の紙）,アルミホイル(箱),切り開いて平らにして、白い紙ひもで十文字に縛るまたは紙袋へ,あ
カンの日（その他の金属類）,アルミホイル(刃),箱から切り取る,あ
かみの日（その他の紙）,アルミホイル(芯),大きなものの間に挟み、白い紙ひもで十文字に縛るまたは紙袋へ,あ
カンの日（その他の金属類）,アルミガード,汚れている場合は、洗って出す,あ
カンの日（アルミ缶・スチール缶）,アルミ缶（ビール・ジュース缶等）,中を水でゆすぐ,あ
カンの日（アルミ缶・スチール缶）,アルミ箔の皿,汚れは取り除く,あ
カンの日（その他の金属類）,アンテナ(50㎝未満),,あ
粗大ごみ（※ステーションの収集はありません）,アンテナ(50㎝以上),排出方法は３～５ページをご覧ください,あ
市では処理できません,石,市へお問い合わせください,い
カンの日（その他の金属類）,椅子(金属製、50㎝未満),,い
粗大ごみ（※ステーションの収集はありません）,椅子(金属製、50㎝以上),排出方法は３～５ページをご覧ください,い
燃やせるごみの日,椅子(木製・籐製、40㎝未満),,い
粗大ごみ（※ステーションの収集はありません）,椅子(木製・籐製、40㎝以上),排出方法は３～５ページをご覧ください,い
カンの日（その他のプラスチック類）,椅子(プラスチック製、50㎝未満),,い
粗大ごみ（※ステーションの収集はありません）,椅子(プラスチック製、50㎝以上),排出方法は３～５ページをご覧ください,い
カンの日（その他のプラスチック類）,衣装ケース(プラスチック製、50㎝未満),,い
粗大ごみ（※ステーションの収集はありません）,衣装ケース(プラスチック製、50㎝以上),排出方法は３～５ページをご覧ください,い
かみの日（ダンボール）,衣装ケース(ダンボール製),1ｍ以内に折りたたみ、白い紙ひもで十文字に縛る,い
ビンの日（一升びん）,一升びん,※ラベルを取らないで出してください,い
粗大ごみ（※ステーションの収集はありません）,一輪車(子供用、ねこぐるま),排出方法は３～５ページをご覧ください,い
カンの日（その他の金属類）,犬小屋(金属製、50㎝未満),,い
粗大ごみ（※ステーションの収集はありません）,犬小屋(金属製、50㎝以上),排出方法は３～５ページをご覧ください,い
燃やせるごみの日,犬小屋(木製、40㎝未満),,い
粗大ごみ（※ステーションの収集はありません）,犬小屋(木製、40㎝以上),排出方法は３～５ページをご覧ください,い
カンの日（その他のプラスチック類）,犬小屋(プラスチック製、50㎝未満),,い
粗大ごみ（※ステーションの収集はありません）,犬小屋(プラスチック製、50㎝以上),排出方法は３～５ページをご覧ください,い
市では処理できません,衣類乾燥機,家電リサイクル法に従い、取扱店または許可業者へ依頼してください,い
市では処理できません,医療廃棄物（在宅医療廃棄物）(注射針、注射筒、チューブ、カテーテル類),医療機関、薬局から入手したものは、原則、医療機関または薬局へ返却してください,い
市では処理できません,医療廃棄物（在宅医療廃棄物）(注射針、注射筒、チューブ、カテーテル類),医療機関、薬局から入手したものは、原則、医療機関または薬局へ返却してください,い
燃やせるごみの日,医療廃棄物（在宅医療廃棄物）(紙おむつ、人工肛門パック、ガーゼ、脱脂綿),指定ごみ袋（黄色）へ入れる,い
燃やせるごみの日,医療廃棄物（在宅医療廃棄物）(紙おむつ、人工肛門パック、ガーゼ、脱脂綿),指定ごみ袋（黄色）へ入れる,い
ビンの日（リサイクルできないもの）,医療廃棄物（在宅医療廃棄物）(消毒薬等のあきびん),中を水でゆすぐ。分からない場合は、市へお問い合わせください,い
燃やせるごみの日,医療廃棄物（在宅医療廃棄物）(腹膜透析パック),新聞紙等に包んで、指定ごみ袋（黄色）へ入れる。分からない場合は、市へお問い合わせください,い
プラスチック容器の日,インクリボンカートリッジ,指定ごみ袋（白色）へ入れる,い
かみの日（その他の紙）,印刷用紙（コピー用紙）,白い紙ひもで十文字に縛るまたは紙袋へ入れる,い
かみの日（紙パック）,飲料用紙パック(内側が白色),洗う⇒開く⇒乾かす⇒白い紙ひもで十文字に縛る,い
かみの日（その他の紙）,飲料用紙パック(内側が銀色),洗う⇒開く⇒乾かす⇒白い紙ひもで十文字に縛る,い
かみの日（古着類）,ウインドブレーカー,洗濯をする⇒乾かす⇒白い紙ひもで十文字に縛る,う
カンの日（その他のプラスチック類）,植木鉢(プラスチック製),土などの固形物を落とす⇒指定ごみ袋（白色）へ入れる,う
ビンの日（リサイクルできないもの）,植木鉢(素焼き),土などの固形物を落とす,う
燃やせるごみの日,ウエットスーツ,40㎝未満に切って、指定ごみ袋（黄色）へ,う
カンの日（その他のプラスチック類）,浮き輪,指定ごみ袋（白色）へ入れる,う
粗大ごみ（※ステーションの収集はありません）,乳母車（ベビーカー）,排出方法は３～５ページをご覧ください,う
カンの日（その他のプラスチック類）,うちわ(プラスチック製),指定ごみ袋（白色）へ入れる　※紙は取り除く,う
燃やせるごみの日,うちわ(竹製),指定ごみ袋（黄色）へ入れる,う
カンの日（その他の金属類）,腕時計,,う
市では処理できません,エアコン,家電リサイクル法に従い、取扱店または許可業者へ依頼してください,え
燃やせるごみの日,絵の具のチューブ(プラスチック製、洗っていないもの),指定ごみ袋（黄色）へ入れる,え
プラスチック容器の日（プラスチック製容器包装）,絵の具のチューブ(プラスチック製、洗ったもの),,え
カンの日（その他の金属類）,絵の具のチューブ(金属製),中身を使い切って出す,え
プラスチック容器の日（プラスチック製容器包装）,絵の具のチューブ(キャップ),,え
かみの日（古着類）,エプロン(布製),洗濯をする⇒乾かす⇒白い紙ひもで十文字に縛る,え
カンの日（その他のプラスチック類）,エプロン(プラスチック製),指定ごみ袋（白色）へ入れる,え
カンの日（その他のプラスチック類）,MD（ミニディスク)・ＬＤ,指定ごみ袋（白色）へ入れる,え
カンの日（その他の金属類）,MD・ＬＤプレーヤー,,え
市では処理できません,LPGボンベ,取扱店へ依頼してください,え
粗大ごみ（※ステーションの収集はありません）,エレクトーン,排出方法は３～５ページをご覧ください,え
粗大ごみ（※ステーションの収集はありません）,枝(太さ10㎝・長さ1ｍ未満),排出方法は３～５ページをご覧ください,え
燃やせるごみ,,,え
燃やせるごみの日,えんぴつ,指定ごみ袋（黄色）へ入れる,え
市では処理できません,塩ビパイプ,市へお問い合わせください,え
燃やせるごみの日,オアシス（商品名）(生花用吸水スポンジ),乾かす⇒指定ごみ袋（黄色）へ入れる,お
市では処理できません,オイル,取扱店へ依頼してください,お
燃やせるごみの日,おしゃぶり,,お
カンの日（その他のプラスチック類）,おしゃぶり(プラスチック部分),,お
市では処理できません,オートバイ（自動二輪車）,廃棄二輪車取扱店(二輪リサイクルシステム）へ依頼してください,お
カンの日（その他の金属類）,オーブントースター,,お
カンの日（その他のプラスチック類）,おぼん(プラスチック製、50㎝未満),,お
粗大ごみ（※ステーションの収集はありません）,おぼん(プラスチック製、50㎝以上),排出方法は３～５ページをご覧ください,お
カンの日（その他の金属類）,おぼん(金属製、50㎝未満),,お
粗大ごみ（※ステーションの収集はありません）,おぼん(金属製、50㎝以上),排出方法は３～５ページをご覧ください,お
燃やせるごみの日,おぼん(木製、40㎝未満),,お
粗大ごみ（※ステーションの収集はありません）,おぼん(木製、40㎝以上),排出方法は３～５ページをご覧ください,お
カンの日（その他のプラスチック類）,おまる(プラスチック製、50㎝未満),,お
粗大ごみ（※ステーションの収集はありません）,おまる(プラスチック製、50㎝以上),排出方法は３～５ページをご覧ください,お
カンの日（その他のプラスチック類）,おもちゃ(プラスチック製、50㎝未満),,お
粗大ごみ（※ステーションの収集はありません）,おもちゃ(プラスチック製、50㎝以上),排出方法は３～５ページをご覧ください,お
カンの日（その他の金属類）,おもちゃ(金属製、50㎝未満),,お
粗大ごみ（※ステーションの収集はありません）,おもちゃ(金属製、50㎝以上),排出方法は３～５ページをご覧ください,お
燃やせるごみの日,おもちゃ(木製、40㎝未満),,お
粗大ごみ（※ステーションの収集はありません）,おもちゃ(木製、40㎝以上),排出方法は３～５ページをご覧ください,お
粗大ごみ（※ステーションの収集はありません）,オルガン（リードオルガン）,排出方法は３～５ページをご覧ください,お
市では処理できません,温水器,取扱店へ依頼してください,お
ビンの日（蛍光灯）,温度計(温度計の部分),,お
カンの日（その他のプラスチック類）,温度計(プラスチック部分),,お
燃やせるごみ,温度計(木質部分),,お
カンの日（その他の金属類）,カーテレビ・カーナビ,,か
かみの日（古着類）,カーテン,洗濯をする⇒乾かす⇒白い紙ひもで十文字に縛る,か
粗大ごみ（※ステーションの収集はありません）,カーテンレール(プラスチック製、50㎝以上),排出方法は３～５ページをご覧ください,か
カンの日（その他のプラスチック類）,カーテンレール(プラスチック製、50㎝未満),指定ごみ袋（白色）の袋へ入れる,か
粗大ごみ（※ステーションの収集はありません）,カーテンレール(金属製、50㎝以上),排出方法は３～５ページをご覧ください,か
カンの日（その他の金属類）,カーテンレール(金属製、50㎝未満),,か
,カーペット・電気カーペット,,か
燃やせるごみの日,カーボン紙,指定ごみ袋（黄色）へ入れる,か
燃やせるごみの日,貝殻,指定ごみ袋（黄色）へ入れる,か
カンの日（その他の金属類）,懐中電灯,乾電池と電球は取り外す,か
燃やせるごみの日,カイロ(使い捨て),指定ごみ袋（黄色）へ入れる,か
カンの日（その他の金属類）,カイロ(金属製),,か
カンの日（リサイクルできないもの）,鏡,収集容器に入る大きさに砕く,か
粗大ごみ（※ステーションの収集はありません）,額縁(プラスチック製、50㎝以上),排出方法は３～５ページをご覧ください,か
カンの日（その他のプラスチック類）,額縁(プラスチック製、50㎝未満),指定ごみ袋（白色）へ,か
粗大ごみ（※ステーションの収集はありません）,額縁(木製、40㎝以上),排出方法は３～５ページをご覧ください,か
燃やせるごみの日,額縁(木製、40㎝未満),指定ごみ袋（黄色）へ,か
リサイクルできないもの,額縁(ガラス部分),,か
粗大ごみ（※ステーションの収集はありません）,籠(プラスチック製、50㎝以上),排出方法は３～５ページをご覧ください,か
カンの日（その他のプラスチック類）,籠(プラスチック製、50㎝未満),指定ごみ袋（白色）へ,か
粗大ごみ（※ステーションの収集はありません）,籠(竹製・籐製、40㎝以上),排出方法は３～５ページをご覧ください,か
燃やせるごみの日,籠(竹製・籐製、40㎝未満),指定ごみ袋（黄色）へ,か
カンの日（その他の金属類）,傘(骨部分),傘布は取り外す,か
カンの日（その他のプラスチック類）,傘(布部分（プラスチック製）),指定ごみ袋（白色）へ入れる,か
燃やせるごみの日,傘(布部分（布製）),指定ごみ袋（黄色）へ入れる,か
粗大ごみ（※ステーションの収集はありません）,加湿器(50㎝以上),排出方法は３～５ページをご覧ください,か
カンの日（その他の金属類）,加湿器(50㎝未満),,か
プラスチック容器の日,菓子の袋(プラスチック製),指定ごみ袋（白色）へ入れる,か
かみの日（その他の紙）,菓子の袋(紙製),大きなものの間に挟み、白い紙ひもで十文字に縛るまたは紙袋へ入れる,か
かみの日（その他の紙）,菓子箱(紙製),つぶすまたは切り開く⇒白い紙ひもで十文字に縛るまたは紙袋へ入れる,か
カンの日（アルミ缶・スチール缶）,菓子箱(金属製),汚れは取り除く,か
プラスチック容器の日,菓子箱(プラスチック製),指定ごみ袋（白色）へ入れる,か
粗大ごみ（※ステーションの収集はありません）,ガス台(50㎝以上),排出方法は３～５ページをご覧ください,か
カンの日（その他の金属類）,ガス台(50㎝未満),乾電池は取り外す,か
燃やせるごみの日,ガスホース,40cm未満に切って、指定ごみ袋（黄色）へ入れる,か
粗大ごみ（※ステーションの収集はありません）,カセットコンロ(50㎝以上),排出方法は３～５ページをご覧ください,か
カンの日（その他の金属類）,カセットコンロ(50㎝未満),,か
カンの日（アルミ缶・スチール缶）,カセット式ガスボンベ,使い切って、ガス抜き用の穴を開ける,か
カンの日（その他のプラスチック類）,カセットテープ,指定ごみ袋（白色）へ入れる,か
粗大ごみ（※ステーションの収集はありません）,カセットデッキ(50㎝以上),排出方法は３～５ページをご覧ください,か
カンの日（その他の金属類）,カセットデッキ(50㎝未満),,か
プラスチック容器の日,カップラーメン(容器（プラスチック製）),洗う⇒乾かす⇒指定ごみ袋（白色）へ入れる,か
かみの日（その他の紙）,カップラーメン(容器（紙製）),洗う⇒乾かす⇒大きなものの間に挟み、白い紙ひもで十文字に縛るまたは紙袋へ入れる,か
プラスチック容器の日,カップラーメン(ふた（プラスチック製）),洗う⇒乾かす⇒指定ごみ袋（白色）へ入れる,か
かみの日（その他の紙）,カップラーメン(ふた（紙製）),洗う⇒乾かす⇒大きなものの間に挟み、白い紙ひもで十文字に縛るまたは紙袋へ入れる,か
プラスチック容器の日（プラスチック製容器包装）,カップラーメン(スープの袋、洗ってある),,か
燃やせるごみの日,カップラーメン(スープの袋、洗っていない),指定ごみ袋（黄色）へ入れる,か
プラスチック容器の日,カップラーメン(かやくの袋),中身がない事を確認し、指定ごみ袋（白色）へ入れる,か
プラスチック容器の日,カップラーメン(外装フィルム),指定ごみ袋（白色）へ入れる,か
カンの日（その他の金属類）,画鋲,金属製の容器（スチール缶等）へ入れ、収集容器へ,か
粗大ごみ（※ステーションの収集はありません）,鎌(50㎝以上),排出方法は３～５ページをご覧ください,か
カンの日（その他の金属類）,鎌(50㎝未満),,か
ビンの日（リサイクルできないもの）,花びん(陶器製・ガラス製),収集容器に入る大きさに砕く,か
粗大ごみ（※ステーションの収集はありません）,花びん(プラスチック製、50㎝以上),排出方法は３～５ページをご覧ください,か
カンの日（その他のプラスチック類）,花びん(プラスチック製、50㎝未満),,か
粗大ごみ（※ステーションの収集はありません）,花びん(金属製、50㎝以上),排出方法は３～５ページをご覧ください,か
カンの日（その他の金属類）,花びん(金属製、50㎝未満),,か
カンの日（その他の金属類）,カミソリ(プラスチック以外),,か
カンの日（その他のプラスチック類）,カミソリ(プラスチック部分),,か
燃やせるごみの日,紙おむつ,汚物をトイレに流して、指定ごみ袋（黄色）へ入れる,か
かみの日（その他の紙）,紙コップ・紙皿(防水加工紙),大きなものの間に挟み、白い紙ひもで十文字に縛るまたは紙袋へ入れる,か
かみの日（紙パック）,紙パック(内側が白色),洗う⇒開く⇒乾かす⇒白い紙ひもで十文字に縛る,か
かみの日（その他の紙）,紙パック(内側が銀色),大きなものの間に挟み、白い紙ひもで十文字に縛るまたは紙袋へ入れる,か
かみの日（その他の紙）,紙袋,『その他の紙』の排出用の紙袋に利用する※紙以外の素材は取り外す,か
かみの日（その他の紙）,紙袋（プラスチックコーティングされている）(｢紙｣リサイクルマークがある),汚れを落としてから、白い紙ひもで十文字に縛るまたは紙袋へ入れる,か
燃やせるごみの日,紙袋（プラスチックコーティングされている）(リサイクルマークがない),指定ごみ袋（黄色）へ入れる,か
燃やせるごみの日,ガムテープ,指定ごみ袋（黄色）へ入れる,か
カンの日（その他の金属類）,カメラ,乾電池は取り外す,か
市では処理できません,カメラ(使い捨て),取扱店に引き渡してください　メーカーでリサイクルされます,か
ビンの日（リサイクルできないもの）,ガラス・ガラス食器,収集容器に入る大きさに砕く,か
その他の金属類,カラーボックス(金属部分),,か
粗大ごみ（※ステーションの収集はありません）,カラーボックス(木製、40㎝以上),排出方法は３～５ページをご覧ください,か
燃やせるごみの日,カラーボックス(木製、40㎝未満),,か
粗大ごみ（※ステーションの収集はありません）,カラーボックス(プラスチック製、50㎝以上),排出方法は３～５ページをご覧ください,か
カンの日（その他のプラスチック類）,カレンダー(プラスチック製、50㎝未満),,か
かみの日（その他の紙）,カレンダー(紙製),,か
カンの日（その他のプラスチック類）,カレンダー(プラスチック部分),,か
カンの日（その他の金属類）,カレンダー(金属部分),,か
燃やせるごみの日,革製品(金属部分以外),指定ごみ袋（黄色）へ入れる,か
カンの日（その他の金属類）,革製品(金属部分),,か
市では処理できません,瓦,市へお問い合わせください,か
カンの日（その他の金属類）,換気扇(本体),,か
カンの日（その他のプラスチック類）,換気扇(プラスチック部分),,か
燃やせるごみの日,換気扇(フィルター),指定ごみ袋（黄色）へ入れる,か
プラスチック容器の日,緩衝材（商品保護・固定用）(発泡スチロール製・プラスチック製),指定ごみ袋（白色）へ入れる,か
かみの日（その他の紙）,緩衝材（商品保護・固定用）(紙製),紙袋へ入れる,か
燃やせるごみの日,乾燥剤,指定ごみ袋（黄色）へ入れる,か
カンの日（乾電池）,乾電池,,か
燃やせるごみ,木（庭木）(太さ5㎝長さ40㎝未満),,き
粗大ごみ（※ステーションの収集はありません）,木（庭木）(太さ10㎝・長さ1ｍ未満に限る),排出方法は３～５ページをご覧ください,き
粗大ごみ（※ステーションの収集はありません）,キーボード（楽器）,排出方法は３～５ページをご覧ください,き
カンの日（その他の金属類）,キーボード（パソコン用）,,き
燃やせるごみの日,キッチンペーパー,指定ごみ袋（黄色）へ入れる,き
かみの日（その他の紙）,キッチンペーパー(未使用のもの),,き
燃やせるごみの日,キッチンマット(表面布、裏面ゴム),４０㎝四方未満に切り、指定ごみ袋（黄色）へ入れる,き
かみの日（古着類）,キッチンマット(表裏布),洗濯をする⇒乾かす⇒白い紙ひもで十文字に縛る,き
粗大ごみ（※ステーションの収集はありません）,脚立(金属製、50㎝以上),排出方法は３～５ページをご覧ください,き
カンの日（その他の金属類）,脚立(金属製、50㎝未満),,き
かみの日（古着類）,着物,洗濯をする⇒乾かす⇒白い紙ひもで十文字に縛る,き
プラスチック容器の日,キャップ（ふた）(プラスチック製),指定ごみ袋（白色）へ入れる,き
カンの日（アルミ缶・スチール缶）,キャップ（ふた）(金属製),,き
燃やせるごみの日,キャップ（ふた）(コルク),指定ごみ袋（黄色）へ入れる,き
かみの日（紙パック）,牛乳パック,洗う⇒開く⇒乾かす⇒白い紙ひもで十文字に縛る,き
びんの日（とうめいびん）,牛乳ビン,中を水でゆすぐ,き
粗大ごみ（※ステーションの収集はありません）,鏡台,排出方法は３～５ページをご覧ください※簡単に外れる部分は分けてください　　　,き
かみの日（雑紙）,教科書,白い紙ひもで十文字に縛る,き
市では処理できません,金庫（耐火金庫）,取扱店へ依頼してください,き
カンの日（その他のプラスチック類）,クーラーボックス(50㎝以上),,く
粗大ごみ（※ステーションの収集はありません）,クーラーボックス(50㎝未満),排出方法は３～５ページをご覧ください※簡単に外れる部分は分けてください　　　,く
カンの日（その他の金属類）,空気清浄機(50㎝以上),,く
粗大ごみ（※ステーションの収集はありません）,空気清浄機(50㎝未満),排出方法は３～５ページをご覧ください※簡単に外れる部分は分けてください　　　,く
カンの日（その他の金属類）,くぎ,金属製の容器（スチール缶等）へ入れ、収集容器へ,く
燃やせるごみの日,草・花,土などを払い落とす⇒指定ごみ袋（黄色）へ入れる,く
カンの日（その他のプラスチック類）,櫛・ブラシ(プラスチック製),指定ごみ袋（白色）へ入れる,く
燃やせるごみの日,櫛・ブラシ(木製),指定ごみ袋（黄色）へ入れる,く
カンの日（その他のプラスチック類）,串（焼き鳥、おでん用）(プラスチック製),指定ごみ袋（白色）へ入れる,く
燃やせるごみの日,串（焼き鳥、おでん用）(木製・竹製),指定ごみ袋（黄色）へ入れる,く
燃やせるごみの日,薬（錠剤・カプセル等）,包装を取り除いてから、指定ごみ袋（黄色）へ入れる,く
かみの日（その他の紙）,薬の袋・包装パック(紙製),大きなものの間に挟み、白い紙ひもで十文字に縛るまたは紙袋へ入れる,く
プラスチック容器の日,薬の袋・包装パック(プラスチック製),指定ごみ袋（白色）へ入れる,く
カンの日（その他のプラスチック類）,口紅の容器(プラスチック製),中身を使い切り、汚れをふき取る⇒指定ごみ袋（白色）へ入れる,く
カンの日（その他の金属類）,口紅の容器(金属製),中身を使い切り、汚れをふき取る,く
燃やせるごみの日,靴,指定ごみ袋（黄色）へ入れる,く
かみの日（古着類）,靴下,洗濯をする⇒乾かす⇒白い紙ひもで十文字に縛る,く
燃やせるごみの日,クッキングペーパー,指定ごみ袋（黄色）へ入れる,く
かみの日（その他の紙）,クッキングペーパー(未使用のもの),,く
粗大ごみ（※ステーションの収集はありません）,クッキングペーパー(50㎝以上),排出方法は３～５ページをご覧ください※簡単に外れる部分は分けてください　　　,く
燃やせるごみの日,クッション(50㎝未満),,く
プラスチック容器の日,クリーニングの袋・カバー,指定ごみ袋（白色）へ入れる,く
カンの日（その他のプラスチック類）,クレジットカード(プラスチック製),カードが使用できないように切る⇒指定ごみ袋（白色）へ入れる,く
燃やせるごみの日,クレヨン,指定ごみ袋（黄色）へ入れる,く
かみの日（その他の紙）,クレヨンのケース(紙製),つぶすまたは切り開く⇒白い紙ひもで十文字に縛るまたは紙袋へ入れる,く
プラスチック容器の日,クレヨンのケース(プラスチック製),指定ごみ袋（白色）へ入れる,く
ビンの日（蛍光灯）,グローランプ,,く
燃やせるごみの日,グローブ,指定ごみ袋（黄色）へ入れる,く
燃やせるごみの日,軍手,指定ごみ袋（黄色）へ入れる,く
ビンの日（蛍光灯）,蛍光灯・蛍光管,割らずに回収容器へ,け
かみの日（ダンボール）,蛍光灯・蛍光管の箱(ダンボール製),1m以内に折りたたむ⇒白い紙ひもで十文字に縛る,け
かみの日（その他の紙）,蛍光灯・蛍光管の箱(｢紙｣リサイクルマークがある),白い紙ひもで十文字に縛るまたは紙袋へ入れる,け
カンの日（その他のプラスチック類）,蛍光ペン(プラスチック製、芯以外の部分),,け
燃やせるごみの日,蛍光ペン(プラスチック製、芯の部分),,け
市では処理できません,携帯電話,取扱店へ依頼してください,け
カンの日（その他のプラスチック類）,ゲームソフト,指定ごみ袋（白色）へ入れる,け
燃やせるごみの日,消しゴム,指定ごみ袋（黄色）へ入れる,け
プラスチック容器の日,化粧品のチューブ,中身を使い切り、汚れをふき取る⇒指定ごみ袋（白色）へ入れる,け
ビンの日（リサイクルできないもの）,化粧びん,中身を使い切る⇒中を水でゆすぐ,け
かみの日（その他の紙）,化粧品の箱,つぶすまたは切り開く⇒白い紙ひもで十文字に縛るまたは紙袋へ入れる,け
燃やせるごみの日,化粧用コットン,指定ごみ袋（黄色）へ入れる,け
燃やせるごみの日,下駄,指定ごみ袋（黄色）へ入れる,け
カンの日（その他の金属類）,けんざん（剣山）,,け
市では処理できません,原動機付自転車（バイク）,廃棄二輪車取扱店(二輪リサイクルシステム）へ依頼してください,け
カンの日（その他の金属類）,けん盤ハーモニカ,,け
かみの日（雑誌）,広報誌,白い紙ひもで十文字に縛る,こ
カンの日（その他のプラスチック類）,ゴーグル,指定ごみ袋（白色）へ入れる,こ
カンの日（その他の金属類）,コーヒーメーカー,,こ
ビンの日（リサイクルできないもの）,コーヒーメーカー(ガラス部分),,こ
カンの日（その他のプラスチック類）,コーヒーメーカー(プラスチック部分),指定ごみ袋（白色）へ入れる,こ
燃やせるごみの日,ゴキブリほいほい（商品名）,指定ごみ袋（黄色）へ入れる,こ
燃やせるごみの日,ござ(い草製),,こ
粗大ごみ（※ステーションの収集はありません）,ござ(い草製、40㎝以上),排出方法は３～５ページをご覧ください,こ
カンの日（その他のプラスチック類）,ござ(プラスチック製),,こ
粗大ごみ（※ステーションの収集はありません）,ござ(プラスチック製、50㎝以上),排出方法は３～５ページをご覧ください,こ
粗大ごみ（※ステーションの収集はありません）,こたつ,排出方法は３～５ページをご覧ください,こ
カンの日（その他のプラスチック類）,コップ・カップ(プラスチック製),指定ごみ袋（白色）へ入れる,こ
カンの日（その他の金属類）,コップ・カップ(金属製),,こ
ビンの日（リサイクルできないもの）,コップ・カップ(陶磁器・ガラス製),,こ
かみの日（その他の紙）,コップ・カップ(紙製),つぶすまたは切り開く⇒白い紙ひもで十文字に縛るまたは紙袋へ入れる,こ
燃やせるごみの日,ゴム製品（タイヤを除く）,指定ごみ袋（黄色）へ入れる,こ
燃やせるごみの日,ゴム手袋・ゴム長靴,指定ごみ袋（黄色）へ入れる,こ
かみの日（その他の紙）,コピー用紙（印刷用紙）,白い紙ひもで十文字に縛るまたは紙袋へ入れる,こ
粗大ごみ（※ステーションの収集はありません）,ゴルフクラブ・ゴルフバック,排出方法は３～５ページをご覧ください,こ
燃やせるごみの日,ゴルフボール,指定ごみ袋（黄色）へ入れる,こ
市では処理できません,コンクリートブロック・ガラ,市へお問い合わせください,こ
燃やせるごみの日,コンタクトレンズ,指定ごみ袋（黄色）へ入れる,こ
カンの日（その他のプラスチック類）,コンパクト(プラスチック部分),中身を使い切り指定ごみ袋（白色）へ,こ
ビンの日（リサイクルできないもの）,コンパクト(鏡),,こ
粗大ごみ（※ステーションの収集はありません）,サーフボード,排出方法は３～５ページをご覧ください,さ
粗大ごみ（※ステーションの収集はありません）,座椅子,排出方法は３～５ページをご覧ください,さ
燃やせるごみの日,財布(革製・布製),指定ごみ袋（黄色）へ入れる,さ
カンの日（その他のプラスチック類）,財布(プラスチック製),指定ごみ袋（白色）へ入れる,さ
カンの日（その他のプラスチック類）,サインペン(芯以外),,さ
燃やせるごみの日,サインペン(芯の部分),,さ
かみの日（雑誌）,雑誌,白い紙ひもで十文字に縛る,さ
カンの日（アルミ缶・スチール缶）,殺虫剤(スプレー式),使い切って、ガス抜き用の穴を開ける,さ
カンの日（アルミ缶・スチール缶）,殺虫剤(くん蒸・くん煙式),,さ
カンの日（その他のプラスチック類）,殺虫剤(プラスチック部分),,さ
粗大ごみ（※ステーションの収集はありません）,座布団(40㎝以上),排出方法は３～５ページをご覧ください,さ
燃やせるごみの日,座布団(40㎝未満),,さ
カンの日（その他のプラスチック類）,皿(プラスチック製),指定ごみ袋（白色）へ入れる,さ
カンの日（その他の金属類）,皿(金属製),,さ
ビンの日（リサイクルできないもの）,皿(陶磁器・ガラス製),,さ
かみの日（その他の紙）,皿(紙製),つぶして平らにして、白い紙ひもで十文字に縛るまたは紙袋へ入れる,さ
カンの日（その他のプラスチック類）,三角コーナー(プラスチック製),指定ごみ袋（白色）へ入れる,さ
カンの日（その他の金属類）,三角コーナー(金属製),,さ
燃やせるごみの日,サンダル,指定ごみ袋（黄色）へ入れる,さ
粗大ごみ（※ステーションの収集はありません）,三面鏡(50㎝以上),排出方法は３～５ページをご覧ください,さ
カンの日（リサイクルできないもの）,三面鏡(50㎝未満),収集容器に入る大きさに砕く,さ
粗大ごみ（※ステーションの収集はありません）,三輪車,排出方法は３～５ページをご覧ください,さ
かみの日（古着類）,シーツ,洗濯をする⇒乾かす⇒白い紙ひもで十文字に縛る,し
カンの日（その他のプラスチック類）,ＣＤ（コンパクトディスク）,指定ごみ袋（白色）へ入れる,し
カンの日（その他の金属類）,ＣＤプレーヤー,,し
燃やせるごみの日,シール（台紙を含む）,指定ごみ袋（黄色）へ入れる,し
燃やせるごみの日,地下たび,指定ごみ袋（黄色）へ入れる,し
カンの日（その他のプラスチック類）,磁気カード(プラスチック製),カードが使用できないように切る⇒指定ごみ袋（白色）へ入れる,し
粗大ごみ（※ステーションの収集はありません）,自転車,排出方法は３～５ページをご覧ください,し
燃やせるごみの日,シップ薬,指定ごみ袋（黄色）へ入れる　,し
プラスチック容器の日,湿気とりの容器,指定ごみ袋（白色）へ入れる,し
燃やせるごみの日,湿気とりの容器(水を切った中身),,し
燃やせるごみの日,竹刀(40cm未満),指定ごみ袋（黄色）に入る大きさに切る,し
粗大ごみ（※ステーションの収集はありません）,竹刀(40㎝以上),排出方法は３～５ページをご覧ください,し
燃やせるごみの日,写真,指定ごみ袋（黄色）へ入れる　,し
カンの日（その他のプラスチック類）,しゃもじ(プラスチック製),指定ごみ袋（白色）へ入れる,し
燃やせるごみの日,しゃもじ(木製・竹製),指定ごみ袋（黄色）へ入れる,し
プラスチック容器の日,シャンプー・リンスの容器,中身を使い切る⇒洗う⇒乾かす⇒指定ごみ袋（白色）へ入れる,し
かみの日（古着類）,ジャンパー・ブルゾン,洗濯をする⇒乾かす⇒白い紙ひもで十文字に縛る,し
燃やせるごみの日,シュレッダー紙ごみ,指定ごみ袋（黄色）へ入れる　,し
粗大ごみ（※ステーションの収集はありません）,じゅうたん,排出方法は３～５ページをご覧ください,し
市では処理できません,消火器,取扱店へ依頼してください,し
カンの日（その他のプラスチック類）,定規(プラスチック製),指定ごみ袋（白色）へ入れる,し
燃やせるごみの日,定規(竹製),指定ごみ袋（黄色）へ入れる,し
カンの日（その他の金属類）,定規(金属製),,し
粗大ごみ（※ステーションの収集はありません）,障子(わく等),排出方法は３～５ページをご覧ください,し
燃やせるごみの日,障子(紙部分),指定ごみ袋（黄色）へ入れる,し
燃やせるごみの日,消臭剤の中身,指定ごみ袋（黄色）へ入れる,し
プラスチック容器の日,消臭剤の容器(プラスチック製),指定ごみ袋（白色）へ入れる,し
ビンの日（リサイクルできないもの）,消臭剤の容器(陶器製),,し
粗大ごみ（※ステーションの収集はありません）,除湿機(50㎝以上),排出方法は３～５ページをご覧ください,し
カンの日（その他の金属類）,除湿機(50㎝未満),,し
粗大ごみ（※ステーションの収集はありません）,食器棚,排出方法は３～５ページをご覧ください,し
カンの日（その他のプラスチック類）,食器類(プラスチック製),指定ごみ袋（白色）へ入れる,し
かみの日（その他の紙）,食器類(紙製),つぶして平らにして、白い紙ひもで十文字に縛るまたは紙袋へ入れる,し
カンの日（その他の金属類）,食器類(金属製),,し
ビンの日（リサイクルできないもの）,食器類(陶磁器・ガラス製),,し
粗大ごみ（※ステーションの収集はありません）,食器乾燥機,排出方法は３～５ページをご覧ください,し
かみの日（新聞）,新聞紙,白い紙ひもで十文字に縛る,し
ビンの日（リサイクルできないもの）,水槽(ガラス製),収集容器に入る大きさに砕く,す
カンの日（その他のプラスチック類）,水槽(プラスチック製),指定ごみ袋（白色）へ入れる,す
粗大ごみ（※ステーションの収集はありません）,水槽(プラスチック製50㎝以上),排出方法は３～５ページをご覧ください,す
カンの日（その他のプラスチック類）,水筒(プラスチック製),指定ごみ袋（白色）へ入れる,す
カンの日（その他の金属類）,水筒(金属製ガラス部分以外),,す
ビンの日（リサイクルできないもの）,水筒(金属製ガラス部分),,す
カンの日（その他の金属類）,炊飯器・炊飯ジャー,,す
粗大ごみ（※ステーションの収集はありません）,スーツケース,排出方法は３～５ページをご覧ください,す
粗大ごみ（※ステーションの収集はありません）,姿見（スタンドミラー）,排出方法は３～５ページをご覧ください,す
粗大ごみ（※ステーションの収集はありません）,スキャナー(50㎝以上),排出方法は３～５ページをご覧ください,す
カンの日（その他の金属類）,スキャナー(50㎝未満),,す
かみの日（古着類）,スキーウエア,洗濯をする⇒乾かす⇒白い紙ひもで十文字に縛る,す
粗大ごみ（※ステーションの収集はありません）,スキー板・ストック,排出方法は３～５ページをご覧ください,す
カンの日（その他の金属類）,スキー靴・スケート靴(金属製),,す
粗大ごみ（※ステーションの収集はありません）,スコップ(金属製、50㎝以上),排出方法は３～５ページをご覧ください,す
カンの日（その他の金属類）,スコップ(金属製、50㎝未満),,す
ビンの日（リサイクルできないもの）,硯（すずり）,,す
カンの日（その他のプラスチック類）,スタンプ(プラスチック製),指定ごみ袋（白色）へ入れる,す
カンの日（その他の金属類）,スタンプ(金属製),,す
粗大ごみ（※ステーションの収集はありません）,すだれ(竹製・籐製、50㎝以上),排出方法は３～５ページをご覧ください,す
燃やせるごみの日,すだれ(竹製・籐製、50㎝未満),指定ごみ袋（黄色）に入る大きさに切る,す
粗大ごみ（※ステーションの収集はありません）,すだれ(プラスチック製、50㎝以上),排出方法は３～５ページをご覧ください,す
カンの日（その他のプラスチック類）,すだれ(プラスチック製、50㎝未満),指定ごみ袋（白色）に入る大きさに切る,す
燃やせるごみの日,ステッカー,指定ごみ袋（黄色）へ入れる,す
カンの日（その他の金属類）,ストーブ(50cm未満),燃料、乾電池は抜き取ってください,す
粗大ごみ（※ステーションの収集はありません）,ストーブ(50㎝以上),排出方法は３～５ページをご覧ください,す
かみの日（古着類）,ストッキング,洗濯をする⇒乾かす⇒白い紙ひもで十文字に縛る,す
カンの日（その他のプラスチック類）,ストロー,指定ごみ袋（白色）へ入れる,す
カンの日（その他のプラスチック類）,すのこ(プラスチック製（50㎝未満）),指定ごみ袋（白色）に入る大きさに切る,す
粗大ごみ（※ステーションの収集はありません）,すのこ(プラスチック製（50㎝以上）),排出方法は３～５ページをご覧ください,す
燃やせるごみの日,すのこ(木製（40㎝未満）),指定ごみ袋（黄色）に入る大きさに切る,す
粗大ごみ（※ステーションの収集はありません）,すのこ(木製（40㎝以上）),排出方法は３～５ページをご覧ください,す
粗大ごみ（※ステーションの収集はありません）,スノーボード,排出方法は３～５ページをご覧ください,す
燃やせるごみの日,スパイク(皮･布の部分),,す
カンの日（その他の金属類）,スパイク(皮･布の部分以外),,す
カンの日（その他のプラスチック類）,スプーン(プラスチック製),指定ごみ袋（白色）へ入れる,す
カンの日（その他の金属類）,スプーン(金属製),,す
カンの日（アルミ缶・スチール缶）,スプレー缶,使い切って、ガス抜き用の穴を開ける,す
燃やせるごみの日,スポンジ,指定ごみ袋（黄色）へ入れる,す
燃やせるごみの日,スリッパ,指定ごみ袋（黄色）へ入れる,す
燃やせるごみの日,生理用品,新聞紙などに包んで、指定ごみ袋（黄色）へ入れる,せ
燃やせるごみの日,せっけん,指定ごみ袋（黄色）へ入れる,せ
かみの日（古着類）,セーター,洗濯をする⇒乾かす⇒白い紙ひもで十文字に縛る,せ
かみの日（古着類）,背広,洗濯をする⇒乾かす⇒白い紙ひもで十文字に縛る,せ
カンの日（その他のプラスチック類）,扇子(プラスチック製),指定ごみ袋（白色）へ入れる,せ
燃やせるごみの日,扇子(竹製),指定ごみ袋（黄色）へ入れる,せ
カンの日（その他の金属類）,洗濯ばさみ(プラスチック部分以外),,せ
カンの日（その他のプラスチック類）,洗濯ばさみ(プラスチック部分),,せ
粗大ごみ（※ステーションの収集はありません）,剪定枝(太さ5㎝以上10㎝・長さ40㎝以上1ｍ未満),排出方法は３～５ページをご覧ください,せ
燃やせるごみの日,剪定枝(太さ5㎝長さ40㎝未満),指定ごみ袋（黄色）へ入れる,せ
市では処理できません,洗濯乾燥機,家電リサイクル法に従い、取扱店または許可業者へ依頼してください,せ
市では処理できません,洗濯機,家電リサイクル法に従い、取扱店または許可業者へ依頼してください,せ
カンの日（その他の金属類）,扇風機(50㎝未満),,せ
粗大ごみ（※ステーションの収集はありません）,扇風機(50㎝以上),排出方法は３～５ページをご覧ください,せ
カンの日（その他のプラスチック類）,洗面器(プラスチック製),指定ごみ袋（白色）へ入れる　,せ
カンの日（その他の金属類）,洗面器(金属製),,せ
カンの日（その他のプラスチック類）,造花(プラスチック製（金属部分以外）),指定ごみ袋（白色）へ入れる,そ
カンの日（その他の金属類）,造花(プラスチック製（金属部分）),,そ
燃やせるごみの日,造花(紙製・布製（金属部分以外）),指定ごみ袋（黄色）へ入れる,そ
カンの日（その他の金属類）,造花(紙製・布製（金属部分）),,そ
カンの日（その他の金属類）,掃除機(50㎝未満),,そ
粗大ごみ（※ステーションの収集はありません）,掃除機(50㎝以上),排出方法は３～５ページをご覧ください,そ
燃やせるごみの日,掃除機の紙パック,指定ごみ袋（黄色）へ入れる,そ
粗大ごみ（※ステーションの収集はありません）,ソファー,排出方法は３～５ページをご覧ください,そ
カンの日（その他のプラスチック類）,そり(プラスチック製（50㎝未満）),,そ
粗大ごみ（※ステーションの収集はありません）,そり(プラスチック製（50㎝以上）),排出方法は３～５ページをご覧ください,そ
カンの日（その他のプラスチック類）,そろばん(プラスチック製),指定ごみ袋（白色）へ入れる,そ
燃やせるごみの日,そろばん(木製),指定ごみ袋（黄色）へ入れる,そ
市では処理できません,タイヤ,取扱店へ依頼してください,た
ビンの日（蛍光灯）,体温計,割らずに出してください,た
カンの日（その他の金属類）,電子体温計,,た
カンの日（その他の金属類）,体重計・体組成計,,た
かみの日（雑誌）,ダイレクトメール(中身),白い紙ひもで十文字に縛る,た
かみの日（その他の紙）,ダイレクトメール(包み（紙製）),白い紙ひもで十文字に縛るか紙袋へ入れる,た
プラスチック容器の日,ダイレクトメール(包み（プラスチック製）),指定ごみ袋（白色）へ入れる,た
市では処理できません,太陽光パネル,取扱店へ依頼してください,た
市では処理できません,田植え機(乗用),取扱店へ依頼してください,た
粗大ごみ（※ステーションの収集はありません）,田植え機(手押し式),排出方法は３～５ページをご覧ください,た
かみの日（古着類）,タオル・タオルケット,洗濯をする⇒乾かす⇒白い紙ひもで十文字に縛る,た
燃やせるごみの日,竹(40㎝未満),,た
粗大ごみ（※ステーションの収集はありません）,竹(40㎝以上),排出方法は３～５ページをご覧ください,た
市では処理できません,たたみ,市へお問い合わせください,た
カンの日（その他のプラスチック類）,タッパー（商品名）(プラスチック製),指定ごみ袋（白色）へ入れる,た
燃やせるごみの日,脱脂綿,指定ごみ袋（黄色）へ入れる,た
かみの日（その他の紙）,タバコの箱(アルミ紙含む),つぶすまたは切り開く⇒白い紙ひもで十文字に縛るまたは紙袋へ入れる,た
プラスチック容器の日,タバコの外装フィルム,指定ごみ袋（白色）へ入れる,た
プラスチック容器の日,たまごのパック(プラスチック製),指定ごみ袋（白色）へ入れる,た
かみの日（その他の紙）,たまごのパック(紙製),つぶすまたは切り開く⇒白い紙ひもで十文字に縛るまたは紙袋へ入れる,た
カンの日（その他の金属類）,たわし(金属製),,た
カンの日（その他の金属類）,たわし(亀の子),たわしの部分は､できるだけ切り取り『燃やせるごみ』へ,た
燃やせるごみの日,たわし(スポンジ製),指定ごみ袋（黄色）へ入れる,た
粗大ごみ（※ステーションの収集はありません）,たんす,排出方法は３～５ページをご覧ください,た
かみの日（ダンボール）,ダンボール,１ｍ以下に折りたたむ⇒白い紙ひもで十文字に縛る,た
カンの日（その他の金属類）,チェーン(金属製),束ねて排出してください,ち
カンの日（その他のプラスチック類）,チェーン(プラスチック製),指定ごみ袋（白色）へ入れる,ち
カンの日（その他の金属類）,チェーンソー(50㎝未満),,ち
粗大ごみ（※ステーションの収集はありません）,チェーンソー(50㎝以上),排出方法は３～５ページをご覧ください,ち
カンの日（その他のプラスチック類）,地球儀(プラスチック製),,ち
カンの日（その他の金属類）,地球儀(プラスチック製（金属部分）),,ち
粗大ごみ（※ステーションの収集はありません）,チャイルドシート,排出方法は３～５ページをご覧ください,ち
燃やせるごみの日,チューブ類（調味料・歯磨き等）(プラスチック製（洗っていない）),指定ごみ袋（黄色）へ入れる,ち
プラスチック容器の日,チューブ類（調味料・歯磨き等）(プラスチック製（洗ってある）),,ち
カンの日（その他の金属類）,チューブ類（調味料・歯磨き等）(金属製),プラスチックのキャップは『プラスチック製容器包装』,ち
市では処理できません,注射針、注射筒、チューブ、カテーテル類(医療廃棄物（在宅医療廃棄物）),医療機関、薬局から入手したものは、原則、医療機関または薬局へ返却してくださいわからない場合は、市へお問い合わせください,ち
市では処理できません,注射針、注射筒、チューブ、カテーテル類(医療廃棄物（在宅医療廃棄物）),医療機関、薬局から入手したものは、原則、医療機関または薬局へ返却してください分からない場合は、市へお問い合わせください,ち
燃やせるごみの日,チョーク,指定ごみ袋（黄色）へ入れる,ち
カンの日（その他の金属類）,彫刻刀(柄の部分以外),,ち
燃やせるごみの日,彫刻刀(柄の部分),,ち
かみの日（新聞）,チラシ類,新聞と一緒に白い紙ひもで十文字に縛る,ち
粗大ごみ（※ステーションの収集はありません）,机,排出方法は３～５ページをご覧ください,つ
カンの日（その他のプラスチック類）,積み木(プラスチック製),指定ごみ袋（白色）へ入れる,つ
燃やせるごみの日,積み木(木製),指定ごみ袋（黄色）へ入れる,つ
カンの日（その他の金属類）,爪切り,,つ
燃やせるごみの日,釣り糸,指定ごみ袋（黄色）へ入れる,つ
カンの日（その他のプラスチック類）,釣り竿(プラスチック製（50㎝未満）),指定ごみ袋（白色）に入る大きさに切る,つ
粗大ごみ（※ステーションの収集はありません）,釣り竿(プラスチック製（50㎝以上）),排出方法は３～５ページをご覧ください,つ
燃やせるごみの日,釣り竿(竹製（40㎝未満）),指定ごみ袋（黄色）に入る大きさに切る,つ
粗大ごみ（※ステーションの収集はありません）,釣り竿(竹製（40㎝以上）),排出方法は３～５ページをご覧ください,つ
かみの日（その他の紙）,ティッシュペーパーの箱(取出し口フィルム以外),,て
プラスチック容器の日,ティッシュペーパーの箱(取出し口フィルム),,て
カンの日（その他の金属類）,デジタルビデオ・カメラ,,て
粗大ごみ（※ステーションの収集はありません）,テーブル,排出方法は３～５ページをご覧ください,て
カンの日（その他のプラスチック類）,テープ類（ビデオ・カセット等）,指定ごみ袋（白色）へ入れる,て
カンの日（その他のプラスチック類）,テープ類のケース(プラスチック製),指定ごみ袋（白色）へ入れる,て
燃やせるごみの日,テニスボール,指定ごみ袋（黄色）へ入れる,て
燃やせるごみの日,手袋(ゴム製),指定ごみ袋（黄色）へ入れる,て
かみの日（古着類）,手袋(皮製・毛糸・布製),洗濯をする⇒乾かす⇒白い紙ひもで十文字に縛る,て
カンの日（その他の金属類）,電気スタンド(50㎝未満),,て
粗大ごみ（※ステーションの収集はありません）,電気スタンド(50㎝以上),排出方法は３～５ページをご覧ください,て
粗大ごみ（※ステーションの収集はありません）,電気毛布,排出方法は３～５ページをご覧ください,て
ビンの日（蛍光灯）,電球・ランプ,割らずに出してください,て
カンの日（その他の金属類）,電子手帳・電卓,乾電池は取り外し『乾電池』,て
市では処理できません,テレビ,家電リサイクル法に従い、取扱店または市の許可業者へ依頼する,て
カンの日（その他の金属類）,テレビゲーム（本体）,,て
カンの日（その他の金属類）,電子レンジ(50㎝未満),,て
粗大ごみ（※ステーションの収集はありません）,電子レンジ(50㎝以上),排出方法は３～５ページをご覧ください,て
カンの日（その他の金属類）,電気コード,,て
かみの日（古着類）,テント(幕（布製）),洗濯をする⇒乾かす⇒白い紙ひもで十文字に縛る,て
カンの日（その他のプラスチック類）,テント(幕（プラスチック製　50㎝四方に切る）),,て
粗大ごみ（※ステーションの収集はありません）,テント(幕（プラスチック製　50㎝四方に切らない）),排出方法は３～５ページをご覧ください,て
粗大ごみ（※ステーションの収集はありません）,テント(パイプ),排出方法は３～５ページをご覧ください,て
カンの日（その他の金属類）,電話機,,て
かみの日（雑誌）,電話帳,白い紙ひもで十文字に縛る,て
カンの日（その他のプラスチック類）,DVD,指定ごみ袋（白色）へ入れる,て
カンの日（その他の金属類）,DVDプレーヤー・レコーダー,,て
粗大ごみ（※ステーションの収集はありません）,戸・ドア(ガラス部分以外),排出方法は３～５ページをご覧ください,と
ビンの日（リサイクルできないもの）,戸・ドア(ガラス部分),,と
カンの日（その他のプラスチック類）,トイレブラシ(プラスチック製),水洗いしてから、指定ごみ袋（白色）へ入れる,と
ビンの日（リサイクルできないもの）,陶磁器,,と
粗大ごみ（※ステーションの収集はありません）,トタン板（産業廃棄物以外）(プラスチック製・金属製),排出方法は３～５ページをご覧ください,と
市では処理できません,トタン板（産業廃棄物以外）(複合素材製),金属、ガラス繊維入りなどメッシュになっている⇒市へお問い合わせください,と
カンの日（その他の金属類）,トースター,,と
カンの日（その他の金属類）,時計（置時計、掛時計）(50㎝未満),乾電池は取り外し、カンの日の『乾電池』,と
粗大ごみ（※ステーションの収集はありません）,時計（置時計、掛時計）(50㎝以上),排出方法は３～５ページをご覧ください,と
カンの日（その他の金属類）,ドライヤー,,と
市では処理できません,トラクター,取扱店へ依頼してください,と
カンの日（その他の金属類）,鳥かご(金属製（50㎝未満）),,と
粗大ごみ（※ステーションの収集はありません）,鳥かご(金属製（50㎝以上）),排出方法は３～５ページをご覧ください,と
燃やせるごみの日,鳥かご(木製（40㎝未満）),,と
粗大ごみ（※ステーションの収集はありません）,鳥かご(木製（40㎝以上）),排出方法は３～５ページをご覧ください,と
カンの日（その他のプラスチック類）,鳥かご(プラスチック製（50㎝未満）),,と
粗大ごみ（※ステーションの収集はありません）,鳥かご(プラスチック製（50㎝以上）),排出方法は３～５ページをご覧ください,と
かみの日（発泡スチロールトレー）,トレー（トレイ）(発泡スチロール製),洗剤で洗う⇒乾かす※色付トレーでも可,と
プラスチック容器の日,トレー（トレイ）(プラスチック製),洗剤で洗う⇒乾かす⇒指定ごみ袋（白色）へ入れる,と
かみの日（その他の紙）,トレー（トレイ）(紙製),つぶすまたは切り開く⇒白い紙ひもで十文字に縛るまたは紙袋へ入れる,と
カンの日（その他の金属類）,ナイフ,,な
燃やせるごみの日,長靴,指定ごみ袋（黄色）へ入れる,な
燃やせるごみの日,生ごみ,良く水切りをしてから、指定ごみ袋（黄色）へ入れる。悪臭もなく､害虫もわかずに、堆肥にできるＥＭぼかしを希望者に登録制で無料配布しています。生ごみ処理機・コンポスト容器購入に、補助金制度があります。ご利用ください。,な
プラスチック容器の日,納豆の容器(プラスチック製),洗剤で洗う⇒乾かす⇒指定ごみ袋（白色）へ入れる,な
かみの日（その他の紙）,納豆の容器(紙製),洗う⇒乾かす⇒大きなものの間に挟み、白い紙ひもで十文字に縛るまたは紙袋へ入れる,な
カンの日（その他の金属類）,鍋類(金属製),,な
ビンの日（リサイクルできないもの）,鍋類(陶器製),,な
燃やせるごみの日,人形(紙製・木製・布製),指定ごみ袋（黄色）へ入れる,に
ビンの日（リサイクルできないもの）,人形(陶器製),,に
ビンの日（リサイクルできないもの）,人形ケース(ガラス製),回収容器に入る大きさに砕く,に
カンの日（その他のプラスチック類）,人形ケース(プラスチック製),,に
燃やせるごみの日,ぬいぐるみ(50cm未満),指定ごみ袋（黄色）へ入れる,ぬ
粗大ごみ（※ステーションの収集はありません）,ぬいぐるみ(50cm以上),排出方法は３～５ページをご覧ください,ぬ
カンの日（その他の金属類）,縫い針,金属製の容器（スチール缶等）へ入れ、収集容器へ,ぬ
かみの日（古着類）,ネクタイ,洗濯をする⇒乾かす⇒ひもで十文字に縛る,ね
燃やせるごみの日,猫砂（ペット用）,汚物は取り除き、指定ごみ袋（黄色）へ入れる,ね
かみの日（古着類）,寝袋,洗濯をする⇒乾かす⇒ひもで十文字に縛る,ね
燃やせるごみの日,粘着テープ,指定ごみ袋（黄色）へ入れる,ね
燃やせるごみの日,粘土(油製・紙製),指定ごみ袋（黄色）へ入れる,ね
市では処理できません,農業用ビニール(市では処理できません),産業廃棄物です※農協へ相談してください,の
市では処理できません,農薬びん(市では処理できません),取扱店へ依頼してください,の
燃やせるごみの日,ノーカーボン紙,指定ごみ袋（黄色）へ入れる,の
かみの日（雑誌）,ノート,白い紙ひもで十文字に縛る,の
プラスチック容器の日,のり(接着用）の容器(スティックのり),中身を使い切る⇒洗う⇒乾かす⇒指定ごみ袋（白色）へ入れる,の
燃やせるごみの日,のり(接着用）の容器(チューブのり（洗ってない）),指定ごみ袋（黄色）へ入れる,の
プラスチック容器の日,のり(接着用）の容器(チューブのり（洗ってある）),,の
カンの日（その他の金属類）,バーべキューセット(50㎝未満),,は
粗大ごみ（※ステーションの収集はありません）,バーべキューセット(50㎝以上),排出方法は３～５ページをご覧ください,は
燃やせるごみの日,葉,指定ごみ袋（黄色）へ入れる,は
燃やせるごみの日,灰,指定ごみ袋（黄色）へ入れる,は
カンの日（その他の金属類）,ハーモニカ,,は
カンの日（その他のプラスチック類）,バインダー（文房具）(プラスチック製金属部分以外),,は
カンの日（その他の金属類）,バインダー（文房具）(プラスチック製金属部分),,は
かみの日（雑誌）,バインダー（文房具）(紙製金属部分以外),,は
カンの日（その他の金属類）,バインダー（文房具）(紙製金属部分),,は
かみの日（その他の紙）,はがき,写真付や紙にプラスチックコーティングされたはがきも可,は
燃やせるごみの日,ハケ,指定ごみ袋（黄色）へ入れる,は
カンの日（その他のプラスチック類）,バケツ(プラスチック製),指定ごみ袋（白色）へ入れる,は
カンの日（その他の金属類）,バケツ(金属製),,は
カンの日（その他の金属類）,ハサミ,,は
カンの日（その他の金属類）,ハシゴ(金属製（50㎝未満）),,は
粗大ごみ（※ステーションの収集はありません）,ハシゴ(金属製（50㎝以上）),排出方法は３～５ページをご覧ください,は
燃やせるごみの日,ハシゴ(木製（40㎝未満）),,は
粗大ごみ（※ステーションの収集はありません）,ハシゴ(木製（40㎝以上）),排出方法は３～５ページをご覧ください,は
カンの日（その他のプラスチック類）,ハシゴ(プラスチック製（50㎝未満）),,は
粗大ごみ（※ステーションの収集はありません）,ハシゴ(プラスチック製（50㎝以上）),排出方法は３～５ページをご覧ください,は
市では処理できません,パソコン(メーカーパソコン),パソコンリサイクル法に従い、各メーカーへ問い合わせてください,は
市では処理できません,パソコン(自作パソコン),パソコンリサイクル法に従い、パソコン３R推進協会へ問い合わせてください,は
燃やせるごみの日,バック（かばん）(革製・布製),指定ごみ袋（黄色）へ入れる,は
カンの日（その他の金属類）,バック（かばん）(金属部分),,は
かみの日（その他の紙）,バック（かばん）(紙製),※その他の紙の排出用の紙袋として利用する,は
市では処理できません,バッテリー(市では処理できません),取扱店若しくはバッテリーリサイクル協力店へ依頼してください,は
燃やせるごみの日,バット(木製（40㎝未満）),,は
粗大ごみ（※ステーションの収集はありません）,バット(木製（40㎝以上）),排出方法は３～５ページをご覧ください,は
カンの日（その他の金属類）,バット(金属製（50㎝未満）),,は
粗大ごみ（※ステーションの収集はありません）,バット(金属製（50㎝以上）),排出方法は３～５ページをご覧ください,は
プラスチック容器の日,発泡スチロール,洗う⇒乾かす⇒指定ごみ袋（白色）へ入れる,は
カンの日（その他のプラスチック類）,８ミリテープ,指定ごみ袋（白色）へ入れる,は
燃やせるごみの日,花火(使用済みのもの),水で十分ぬらしてから指定ごみ袋（黄色）へ入れる,は
カンの日（その他のプラスチック類）,歯ブラシ,汚れを落としてから、指定ごみ袋（白色）へ入れる,は
燃やせるごみの日,歯磨きチューブ(洗ってない),指定ごみ袋（黄色）へ入れる,は
プラスチック容器の日,歯磨きチューブ(洗ってある),,は
カンの日（その他のプラスチック類）,ハンガー(プラスチック製（金属部分以外）),,は
カンの日（その他の金属類）,ハンガー(プラスチック製（金属部分）),,は
カンの日（その他の金属類）,ハンガー(金属製),,は
燃やせるごみの日,ハンガー(木製（金属部分以外）),,は
カンの日（その他の金属類）,,,は
かみの日（古着類）,ハンカチ,洗濯をする⇒乾かす⇒白い紙ひもで十文字に縛る,は
かみの日（その他の紙）,半紙,白い紙ひもで十文字に縛るまたは紙袋へ入れる,は
かみの日（古着類）,パンツ（下着）,洗濯をする⇒乾かす⇒白い紙ひもで十文字に縛る,は
かみの日（雑誌）,パンフレット類,白い紙ひもで十文字に縛る,は
市では処理できません,ピアノ(市では処理できません),取扱店へ依頼してください,ひ
ビンの日（リサイクルできないもの）,ビー玉,,ひ
カンの日（その他のプラスチック類）,ビーチボール,指定ごみ袋（白色）へ入れる,ひ
カンの日（その他のプラスチック類）,ビート板,指定ごみ袋（白色）へ入れる,ひ
ビンの日（ビールびん）,ビールびん,※ラベルを取らないで出してください,ひ
カンの日（その他の金属類）,ひげそり(金属製),,ひ
カンの日（その他のプラスチック類）,ひげそり(プラスチック製（金属部分以外）),,ひ
カンの日（その他の金属類）,ひげそり(プラスチック製（金属部分）),,ひ
カンの日（その他の金属類）,ビデオカメラ,,ひ
カンの日（その他のプラスチック類）,ビデオテープ,指定ごみ袋（白色）へ入れる,ひ
カンの日（その他の金属類）,ビデオデッキ,,ひ
カンの日（その他のプラスチック類）,ビニールひも,,ひ
プラスチック容器の日,ビニール袋,洗う⇒乾かす⇒指定ごみ袋（白色）へ入れる,ひ
ビンの日,びん類,水ですすぎ、色別に分ける,ひ
プラスチック容器の日,びんのふた(プラスチック製),指定ごみ袋（白色）へ入れる,ひ
カンの日（アルミ缶・スチール缶）,びんのふた(金属製),,ひ
燃やせるごみの日,びんのふた(コルク),指定ごみ袋（黄色）へ入れる,ひ
カンの日（その他の金属類）,ファックス(50㎝未満),,ふ
粗大ごみ（※ステーションの収集はありません）,ファックス(50㎝以上),排出方法は３～５ページをご覧ください,ふ
かみの日（その他の紙）,ファックス用紙,白い紙ひもで十文字に縛るまたは紙袋へ入れる,ふ
燃やせるごみの日,ファックス用紙(感熱紙),指定ごみ袋（黄色）へ入れる,ふ
カンの日（その他の金属類）,ファンヒーター(50㎝未満),燃料は抜き取ってください,ふ
粗大ごみ（※ステーションの収集はありません）,ファンヒーター(50㎝以上),排出方法は３～５ページをご覧ください,ふ
燃やせるごみの日,フィルム（ネガ）,指定ごみ袋（黄色）へ入れる,ふ
かみの日（その他の紙）,封筒,,ふ
カンの日（その他のプラスチック類）,封筒（窓あき）(プラスチック部分),,ふ
カンの日（その他のプラスチック類）,笛(プラスチック製),指定ごみ袋（白色）へ入れる,ふ
燃やせるごみの日,笛(竹製),指定ごみ袋（黄色）へ入れる,ふ
ビンの日（リサイクルできないもの）,笛(陶器製),,ふ
カンの日（その他の金属類）,フェルトペン(金属製（芯の部分以外）),,ふ
燃やせるごみの日,フェルトペン(金属製（芯の部分）),,ふ
カンの日（その他のプラスチック類）,フェルトペン(プラスチック製（芯の部分以外）),,ふ
燃やせるごみの日,フェルトペン(プラスチック製（芯の部分）),,ふ
かみの日（その他の紙）,ブックカバー(紙製),折りたたむ⇒白い紙ひもで十文字に縛るまたは紙袋へ入れる,ふ
カンの日（その他のプラスチック類）,ブックカバー(プラスチック製),指定ごみ袋（白色）へ入れる,ふ
かみの日（古着類）,ふきん,洗濯をする⇒乾かす⇒白い紙ひもで十文字に縛る,ふ
10ページの紙袋、紙袋（プラスチックコーティングされている）の出し方をご覧ください,袋(紙製),,ふ
プラスチック容器の日,袋(プラスチック製),洗う⇒乾かす⇒指定ごみ袋（白色）へ入れる,ふ
粗大ごみ（※ステーションの収集はありません）,ふすま(わく等),排出方法は３～５ページをご覧ください,ふ
燃やせるごみの日,ふすま(紙部分),指定ごみ袋（黄色）へ入れる,ふ
かみの日（その他の紙）,付箋（メモ用紙）,大きなものの間に挟み、白い紙ひもで十文字に縛るまたは紙袋へ入れる,ふ
燃やせるごみの日,筆(竹製),指定ごみ袋（黄色）へ入れる,ふ
カンの日（その他のプラスチック類）,筆(プラスチック製),指定ごみ袋（白色）へ入れる,ふ
燃やせるごみの日,筆(プラスチック製（筆の部分）),,ふ
粗大ごみ（※ステーションの収集はありません）,ふとん,排出方法は３～５ページをご覧ください,ふ
かみの日（古着類）,ふとんカバー,洗濯をする⇒乾かす⇒白い紙ひもで十文字に縛る,ふ
カンの日（その他の金属類）,布団乾燥機(プラスチック部分以外),,ふ
カンの日（その他のプラスチック類）,布団乾燥機(プラスチック部分),,ふ
カンの日（その他の金属類）,フライパン,,ふ
カンの日（その他のプラスチック類）,プラモデル,指定ごみ袋（白色）へ入れる,ふ
カンの日（その他のプラスチック類）,プランター(プラスチック製),土などの固形物を落とす⇒指定ごみ袋（白色）へ入れる,ふ
ビンの日（リサイクルできないもの）,プランター(陶器製),土などの固形物を落とす,ふ
カンの日（その他の金属類）,プリンター(家庭用（50㎝未満）),,ふ
粗大ごみ（※ステーションの収集はありません）,プリンター(家庭用（50㎝以上）),排出方法は３～５ページをご覧ください,ふ
カンの日（その他のプラスチック類）,ブルーシート(50㎝四方に切る),,ふ
粗大ごみ（※ステーションの収集はありません）,ブルーシート(50㎝四方に切らない),排出方法は３～５ページをご覧ください,ふ
カンの日（その他のプラスチック類）,フロッピーディスク,指定ごみ袋（白色）へ入れる,ふ
カンの日（その他のプラスチック類）,フロッピーディスクのケース,指定ごみ袋（白色）へ入れる,ふ
プラスチック容器の日,ふろしき(プラスチック製),指定ごみ袋（白色）へ入れる,ふ
かみの日（古着類）,ふろしき(布製),洗濯をする⇒乾かす⇒白い紙ひもで十文字に縛る,ふ
カンの日（その他のプラスチック類）,風呂マット(プラスチック製（50㎝未満）),,ふ
粗大ごみ（※ステーションの収集はありません）,風呂マット(プラスチック製（50㎝以上）),排出方法は３～５ページをご覧ください,ふ
燃やせるごみの日,風呂マット(木製・スポンジ製（40㎝未満）),,ふ
粗大ごみ（※ステーションの収集はありません）,風呂マット(木製・スポンジ製（40㎝以上）),排出方法は３～５ページをご覧ください,ふ
カンの日（その他のプラスチック類）,風呂のふた(プラスチック製（50㎝未満）),,ふ
粗大ごみ（※ステーションの収集はありません）,風呂のふた(プラスチック製（50㎝以上）),排出方法は３～５ページをご覧ください,ふ
燃やせるごみの日,風呂のふた(木製（40㎝未満）),,ふ
粗大ごみ（※ステーションの収集はありません）,風呂のふた(木製（40㎝以上）),排出方法は３～５ページをご覧ください,ふ
市では処理できません,プロパンボンベ(市では処理できません),取扱店へ依頼してください,ふ
カンの日（その他のプラスチック類）,ヘアブラシ(プラスチック製),指定ごみ袋（白色）へ入れる,へ
カンの日（その他のプラスチック類）,ヘアピン(プラスチック製),指定ごみ袋（白色）へ入れる,へ
カンの日（その他の金属類）,ヘアピン(金属製),,へ
粗大ごみ（※ステーションの収集はありません）,ベッド,排出方法は３～５ページをご覧ください,へ
カンの日（その他の金属類）,ペットサークル（おり）(金属製（50㎝未満）),,へ
粗大ごみ（※ステーションの収集はありません）,ペットサークル（おり）(金属製（50㎝以上）),排出方法は３～５ページをご覧ください,へ
燃やせるごみの日,ペットサークル（おり）(木製（40㎝未満）),,へ
粗大ごみ（※ステーションの収集はありません）,ペットサークル（おり）(木製（40㎝以上）),排出方法は３～５ページをご覧ください,へ
カンの日（その他のプラスチック類）,ペットサークル（おり）(プラスチック製（50㎝未満）),,へ
粗大ごみ（※ステーションの収集はありません）,ペットサークル（おり）(プラスチック製（50㎝以上）),排出方法は３～５ページをご覧ください,へ
ビンの日及びカンの日（ペットボトル）,ぺットボトル,中を水ですすぐ　キャップとラベルをはずす,へ
プラスチック容器の日,ぺットボトルのふた（キャップ）、ラベル,指定ごみ袋（白色）へ入れる,へ
カンの日（その他の金属類）,ヘッドホンステレオ,,へ
燃やせるごみの日,ぺット用トイレシート・砂,汚物は取り除き、指定ごみ袋（黄色）へ入れる,へ
燃やせるごみの日,ペーパータオル,指定ごみ袋（黄色）へ入れる,へ
粗大ごみ（※ステーションの収集はありません）,ベビーカー(乳母車),排出方法は３～５ページをご覧ください,へ
燃やせるごみの日,ベルト(金属部分以外),指定ごみ袋（黄色）へ入れる,へ
カンの日（その他の金属類）,ベルト(金属部分),,へ
カンの日（その他のプラスチック類）,ヘルメット,指定ごみ袋（白色）へ入れる,へ
市では処理できません,ペンキ（塗料）,取扱店へ依頼してください,へ
燃やせるごみの日,ペンキ（塗料）(少量),紙などに染み込ませてだす,へ
カンの日（その他の金属類）,ペンキの容器(金属製),※中身を使い切る,へ
カンの日（その他のプラスチック類）,ほうき(プラスチック製（50㎝未満）),,ほ
粗大ごみ（※ステーションの収集はありません）,ほうき(プラスチック製（50㎝以上）),排出方法は３～５ページをご覧ください,ほ
燃やせるごみの日,ほうき(竹製（40㎝未満）),,ほ
粗大ごみ（※ステーションの収集はありません）,ほうき(竹製（40㎝以上）),排出方法は３～５ページをご覧ください,ほ
カンの日（その他の金属類）,望遠鏡(50㎝未満),,ほ
粗大ごみ（※ステーションの収集はありません）,望遠鏡(50㎝以上),排出方法は３～５ページをご覧ください,ほ
かみの日（古着類）,帽子,洗濯をする⇒乾かす⇒白い紙ひもで十文字に縛る,ほ
カンの日（その他の金属類）,包丁,,ほ
カンの日（その他のプラスチック類）,ホース(プラスチック製),指定ごみ袋（白色）へ入れる,ほ
燃やせるごみの日,ホース(ゴム製),40㎝未満に切って、指定ごみ袋（黄色）へ入れる,ほ
カンの日（その他の金属類）,ホースリール(金属製（50㎝未満）),,ほ
粗大ごみ（※ステーションの収集はありません）,ホースリール(金属製（50㎝以上）),排出方法は３～５ページをご覧ください,ほ
カンの日（その他のプラスチック類）,ホースリール(プラスチック製（50㎝未満）),,ほ
粗大ごみ（※ステーションの収集はありません）,ホースリール(プラスチック製（50㎝以上）),排出方法は３～５ページをご覧ください,ほ
かみの日（ダンボール）,ポータブルトイレ（簡易・携帯トイレ）(本体（ダンボール製）汚物付着なし),1ｍ以内に折りたたむ,ほ
燃やせるごみの日,ポータブルトイレ（簡易・携帯トイレ）(本体（ダンボール製）汚物付着あり),,ほ
カンの日（その他のプラスチック類）,ポータブルトイレ（簡易・携帯トイレ）(本体（プラスチック製）（50㎝未満）),汚れを落としてから、指定ごみ袋（白色）へ,ほ
粗大ごみ（※ステーションの収集はありません）,ポータブルトイレ（簡易・携帯トイレ）(本体（プラスチック製）（50㎝以上）),排出方法は３～５ページをご覧ください,ほ
かみの日（古着類）,ポータブルトイレ（簡易・携帯トイレ）(目隠し幕（布製）),洗濯をする⇒乾かす⇒白い紙ひもで十文字に縛る,ほ
カンの日（その他のプラスチック類）,ポータブルトイレ（簡易・携帯トイレ）(目隠し幕（プラスチック製）50㎝四方に切る),50㎝四方に切る,ほ
粗大ごみ（※ステーションの収集はありません）,(目隠し幕（プラスチック製）50㎝四方に切らない),排出方法は３～５ページをご覧ください,ほ
粗大ごみ（※ステーションの収集はありません）,ポータブルトイレ（簡易・携帯トイレ）(パイプ),排出方法は３～５ページをご覧ください,ほ
燃やせるごみの日,ポータブルトイレ（簡易・携帯トイレ）(トイレシート・汚物袋),汚物は取り除き、指定ごみ袋（黄色）へ入れる,ほ
カンの日（その他のプラスチック類）,ボールペン(金属部分以外),,ほ
カンの日（その他の金属類）,ボールペン(金属部分),,ほ
燃やせるごみの日,ボール（球）類(ゴム製),指定ごみ袋（黄色）へ入れる,ほ
市では処理できません,ボーリング用ボール,取扱店へ依頼してください,ほ
カンの日（その他のプラスチック類）,ボール（調理用）(プラスチック製),指定ごみ袋（白色）へ入れる,ほ
カンの日（その他の金属類）,ボール（調理用）(金属製),,ほ
カンの日（その他の金属類）,ホチキス・ホチキスの針,針は金属製の容器（スチール缶等）へ入れ、回収容器へ,ほ
カンの日（その他の金属類）,ポット(ガラス部分以外),,ほ
ビンの日（リサイクルできないもの）,ポット(ガラス部分),,ほ
カンの日（その他の金属類）,ホットプレート,,ほ
カンの日（その他のプラスチック類）,哺乳びん(プラスチック製),指定ごみ袋（白色）へ入れる,ほ
ビンの日（リサイクルできないもの）,哺乳びん(強化ガラス製（吸い口以外）),,ほ
燃やせるごみの日,哺乳びん(強化ガラス製（吸い口）),,ほ
カンの日（その他のプラスチック類）,ポリタンク,指定ごみ袋（白色）へ入れる,ほ
プラスチック容器の日,ポリ袋,指定ごみ袋（白色）へ入れる,ほ
燃やせるごみの日,保冷剤(プラスチックカバーの部分以外),,ほ
カンの日（その他のプラスチック類）,保冷剤(プラスチックカバーの部分),,ほ
かみの日（雑誌）,本（雑誌）,白い紙ひもで十文字に縛る,ほ
粗大ごみ（※ステーションの収集はありません）,本棚,排出方法は３～５ページをご覧ください,ほ
カンの日（その他の金属類）,マウス（パソコン用）,,ま
燃やせるごみの日,枕(40㎝未満),,ま
粗大ごみ（※ステーションの収集はありません）,枕(40㎝以上),排出方法は３～５ページをご覧ください,ま
カンの日（その他の金属類）,マーカーマジック（商品名）(金属製芯以外の部分),,ま
燃やせるごみの日,マーカーマジック（商品名）(金属製芯の部分),,ま
カンの日（その他のプラスチック類）,マーカーマジック（商品名）(プラスチック製芯以外の部分),,ま
燃やせるごみの日,マーカーマジック（商品名）(プラスチック製芯の部分),,ま
燃やせるごみの日,マスク,指定ごみ袋（黄色）へ入れる,ま
燃やせるごみの日,マッチ(使用済みのもの),水で十分ぬらしてから指定ごみ袋（黄色）へ入れる,ま
粗大ごみ（※ステーションの収集はありません）,マットレス・スプリングマットレス,排出方法は３～５ページをご覧ください,ま
カンの日（その他のプラスチック類）,まな板(プラスチック製),指定ごみ袋（白色）へ入れる,ま
燃やせるごみの日,まな板(木製),指定ごみ袋（黄色）へ入れる,ま
燃やせるごみの日,マヨネーズの容器(洗ってない),指定ごみ袋（黄色）へ入れる,ま
プラスチック容器の日,マヨネーズの容器(洗ってある),,ま
燃やせるごみの日,水枕,指定ごみ袋（黄色）へ入れる,み
カンの日（その他の金属類）,ミシン(50㎝未満),,み
粗大ごみ（※ステーションの収集はありません）,ミシン(50㎝以上),排出方法は３～５ページをご覧ください,み
燃やせるごみの日,水きりネット,指定ごみ袋（黄色）へ入れる,み
カンの日（その他の金属類）,ミニコンポ,,み
燃やせるごみの日,蒸し器(木製),指定ごみ袋（黄色）へ入れる,む
カンの日（その他の金属類）,蒸し器(金属製),,む
かみの日（その他の紙）,名刺,大きなものの間に挟み、白い紙ひもで十文字に縛るまたは紙袋へ,め
カンの日（その他のプラスチック類）,めがね（虫めがね）(プラスチック製),,め
カンの日（その他の金属類）,めがね（虫めがね）(プラスチック製金属部分),,め
ビンの日（リサイクルできないもの）,めがね（虫めがね）(ガラス製),,め
カンの日（その他の金属類）,めがね（虫めがね）(ガラス製金属部分),,め
カンの日（その他の金属類）,メダル(金属製),,め
カンの日（その他のプラスチック類）,メダル(プラスチック製),,め
かみの日（その他の紙）,メモ用紙,大きなものの間に挟み、白い紙ひもで十文字に縛るまたは紙袋へ,め
かみの日（古着類）,毛布,洗濯をする⇒乾かす⇒白い紙ひもで十文字に縛る,も
カンの日（その他の金属類）,餅つき器(50㎝未満),,も
粗大ごみ（※ステーションの収集はありません）,餅つき器(50㎝以上),排出方法は３～５ページをご覧ください,も
カンの日（その他のプラスチック類）,モップ(プラスチック製),,も
カンの日（その他の金属類）,モップ(金属部分),,も
粗大ごみ（※ステーションの収集はありません）,モップ(50㎝以上),排出方法は３～５ページをご覧ください,も
燃やせるごみの日,ものさし(竹製),指定ごみ袋（黄色）へ入れる,も
カンの日（その他のプラスチック類）,ものさし(プラスチック製),指定ごみ袋（白色）へ入れる,も
粗大ごみ（※ステーションの収集はありません）,物干し竿,排出方法は３～５ページをご覧ください,も
カンの日（その他のプラスチック類）,物干し台(プラスチック製),指定ごみ袋（白色）へ入れる,も
市では処理できません,物干し台(コンクリート製),取扱店へ依頼してください,も
カンの日（その他の金属類）,やかん,,や
かみの日（古着類）,ゆかた,洗濯をする⇒乾かす⇒白い紙ひもで十文字に縛る,ゆ
粗大ごみ（※ステーションの収集はありません）,湯沸器,排出方法は３～５ページをご覧ください,ゆ
カンの日（その他のプラスチック類）,湯たんぽ(プラスチック製),指定ごみ袋（白色）へ入れる,ゆ
カンの日（その他の金属類）,湯たんぽ(金属製),,ゆ
プラスチック容器の日,ヨーグルトの容器(プラスチック製),洗う⇒乾かす⇒指定ごみ袋（白色）へ入れる,よ
かみの日（その他の紙）,ヨーグルトの容器(紙製),洗う⇒乾かす⇒大きなものの間に挟み、白い紙ひもで十文字に縛るまたは紙袋へ,よ
粗大ごみ（※ステーションの収集はありません）,浴槽（幼児用）(プラスチック製),排出方法は３～５ページをご覧ください,よ
市では処理できません,浴槽（※幼児用を除く）,取扱店へ依頼してください,よ
カンの日（その他の金属類）,ライター(プラスチック部分以外),使い切る,ら
カンの日（その他のプラスチック類）,ライター(プラスチック部分),,ら
ごみ処理施設,ライター（ガスが残っている）,ステーション回収をしません 裏面のごみ処理施設へ直接お持込みください,ら
カンの日（その他のプラスチック類）,ラケット(プラスチック製50㎝未満),,ら
粗大ごみ（※ステーションの収集はありません）,ラケット(プラスチック製50㎝以上),排出方法は３～５ページをご覧ください,ら
燃やせるごみの日,ラケット(木製40㎝未満),,ら
粗大ごみ（※ステーションの収集はありません）,ラケット(木製40㎝以上),排出方法は３～５ページをご覧ください,ら
かみの日（古着類）,ライフジャケット,洗濯をする⇒乾かす⇒白い紙ひもで十文字に縛る,ら
燃やせるごみの日,ラップ(洗ってない),指定ごみ袋（黄色）へ入れる,ら
プラスチック容器の日,ラップ(洗ってある),,ら
かみの日（その他の紙）,ラップ(箱),つぶすか、切り開く⇒白い紙ひもで縛るか、紙袋へ入れる,ら
カンの日（その他の金属類）,ラップ(刃（金属製）),箱から切り取る,ら
カンの日（その他のプラスチック類）,ラップ(刃（プラスチック製）),箱から切り取って、指定ごみ袋（白色）へ入れる,ら
かみの日（その他の紙）,ラップ(芯),白い紙ひもで縛るか、紙袋へ入れる,ら
カンの日（その他の金属類）,ラジオ・ラジカセ(50㎝未満),,ら
粗大ごみ（※ステーションの収集はありません）,ラジオ・ラジカセ(50㎝以上),排出方法は３～５ページをご覧ください,ら
燃やせるごみの日,ランドセル(金属部分以外),指定ごみ袋（黄色）へ入れる,ら
カンの日（その他の金属類）,ランドセル(金属部分),,ら
カンの日（その他の金属類）,リモコン,,り
プラスチック容器の日,リンスの容器,中身を使い切る⇒洗う⇒乾かす⇒指定ごみ袋（白色）へ入れる,り
市では処理できません,冷蔵庫・冷凍庫,家電リサイクル法に従い、取扱店か市の許可業者へ依頼する,れ
カンの日（その他のプラスチック類）,レコード盤,指定ごみ袋（白色）へ入れる,れ
カンの日（その他の金属類）,レコードプレーヤー(50cm未満),,れ
粗大ごみ（※ステーションの収集はありません）,レコードプレーヤー(50cm以上),排出方法は３～５ページをご覧ください,れ
燃やせるごみの日,レシート(感熱紙),指定ごみ袋（黄色）へ入れる,れ
プラスチック容器の日,レジ袋,指定ごみ袋（白色）へ入れる,れ
カンの日（その他のプラスチック類）,レジャーシート(切る),50㎝四方に切る。,れ
粗大ごみ（※ステーションの収集はありません）,レジャーシート(切らない),排出方法は３～５ページをご覧ください,れ
市では処理できません,レンガ,市へお問い合わせください,れ
カンの日（その他の金属類）,レンジ台(50cm未満),乾電池は取り外し、カンの日の『乾電池』,れ
粗大ごみ（※ステーションの収集はありません）,レンジ台(50cm以上),排出方法は３～５ページをご覧ください,れ
燃やせるごみの日,ろーそく,指定ごみ袋（黄色）へ入れる,ろ
燃やせるごみの日,ロープ(麻),40㎝未満に切って、指定ごみ袋（黄色）へ入れる,ろ
カンの日（その他のプラスチック類）,ロープ(ナイロン),50㎝未満に切って、指定ごみ袋（白色）へ入れる,ろ
かみの日（古着類）,ワイシャツ,洗濯をする⇒乾かす⇒白い紙ひもで十文字に縛る,わ
プラスチック容器の日,ワイシャツの襟固定用サポーター・ボタン部分の蝶キーパー(プラスチック製),指定ごみ袋（白色）へ入れる,わ
かみの日（その他の紙）,ワイシャツの襟固定用サポーター・ボタン部分の蝶キーパー(紙製),紙袋へ入れる,わ
燃やせるごみの日,輪ゴム,指定ごみ袋（黄色）へ入れる,わ
カンの日（その他の金属類）,ワープロ,,わ
燃やせるごみの日,ワープロ用紙(感熱紙),指定ごみ袋（黄色）へ入れる,わ
かみの日（その他の紙）,和紙,白い紙ひもで十文字に縛るまたは紙袋へ入れる,わ
燃やせるごみの日,綿,指定ごみ袋（黄色）へ入れる,わ
燃やせるごみの日,わら製品,指定ごみ袋（黄色）へ入れる,わ
燃やせるごみの日,わりばし,指定ごみ袋（黄色）へ入れる,わ
